{
	"folders": {},
	"connections": {
		"postgres-jdbc-177ad1ce680-486f2bdd3d9065b1": {
			"provider": "postgresql",
			"driver": "postgres-jdbc",
			"name": "postgres",
			"save-password": true,
			"show-system-objects": true,
			"read-only": false,
			"configuration": {
				"host": "localhost",
				"port": "5432",
				"database": "postgres",
				"url": "jdbc:postgresql://localhost:5432/postgres",
				"home": "postgresql-x64-13",
				"type": "dev",
				"provider-properties": {
					"@dbeaver-show-non-default-db@": "false",
					"@dbeaver-show-template-db@": "false",
					"@dbeaver-show-unavailable-db@": "false",
					"@dbeaver-read-all-data-types-db@": "false",
					"postgresql.dd.plain.string": "false",
					"postgresql.dd.tag.string": "false"
				},
				"auth-model": "native",
				"handlers": {}
			}
		}
	},
	"connection-types": {
		"dev": {
			"name": "Development",
			"color": "255,255,255",
			"description": "Regular development database",
			"auto-commit": true,
			"confirm-execute": false,
			"confirm-data-change": false
		}
	}
}